-- phpMyAdmin SQL Dump
-- version 5.2.2
-- https://www.phpmyadmin.net/
--
-- Host: 127.0.0.1:3306
-- Generation Time: Apr 01, 2026 at 01:46 PM
-- Server version: 11.8.6-MariaDB-log
-- PHP Version: 7.2.34

SET SQL_MODE = "NO_AUTO_VALUE_ON_ZERO";
START TRANSACTION;
SET time_zone = "+00:00";


/*!40101 SET @OLD_CHARACTER_SET_CLIENT=@@CHARACTER_SET_CLIENT */;
/*!40101 SET @OLD_CHARACTER_SET_RESULTS=@@CHARACTER_SET_RESULTS */;
/*!40101 SET @OLD_COLLATION_CONNECTION=@@COLLATION_CONNECTION */;
/*!40101 SET NAMES utf8mb4 */;

--
-- Database: `u362391755_hard_soft`
--

-- --------------------------------------------------------

--
-- Table structure for table `answers`
--

CREATE TABLE `answers` (
  `id` bigint(20) UNSIGNED NOT NULL,
  `response_id` bigint(20) UNSIGNED NOT NULL,
  `question_id` bigint(20) UNSIGNED NOT NULL,
  `answer_value` text NOT NULL,
  `created_at` timestamp NULL DEFAULT NULL,
  `updated_at` timestamp NULL DEFAULT NULL,
  `reason` text DEFAULT NULL
) ENGINE=InnoDB DEFAULT CHARSET=utf8mb4 COLLATE=utf8mb4_unicode_ci;

-- --------------------------------------------------------

--
-- Table structure for table `cache`
--

CREATE TABLE `cache` (
  `key` varchar(255) NOT NULL,
  `value` mediumtext NOT NULL,
  `expiration` int(11) NOT NULL
) ENGINE=InnoDB DEFAULT CHARSET=utf8mb4 COLLATE=utf8mb4_unicode_ci;

-- --------------------------------------------------------

--
-- Table structure for table `cache_locks`
--

CREATE TABLE `cache_locks` (
  `key` varchar(255) NOT NULL,
  `owner` varchar(255) NOT NULL,
  `expiration` int(11) NOT NULL
) ENGINE=InnoDB DEFAULT CHARSET=utf8mb4 COLLATE=utf8mb4_unicode_ci;

-- --------------------------------------------------------

--
-- Table structure for table `failed_jobs`
--

CREATE TABLE `failed_jobs` (
  `id` bigint(20) UNSIGNED NOT NULL,
  `uuid` varchar(255) NOT NULL,
  `connection` text NOT NULL,
  `queue` text NOT NULL,
  `payload` longtext NOT NULL,
  `exception` longtext NOT NULL,
  `failed_at` timestamp NOT NULL DEFAULT current_timestamp()
) ENGINE=InnoDB DEFAULT CHARSET=utf8mb4 COLLATE=utf8mb4_unicode_ci;

-- --------------------------------------------------------

--
-- Table structure for table `jobs`
--

CREATE TABLE `jobs` (
  `id` bigint(20) UNSIGNED NOT NULL,
  `queue` varchar(255) NOT NULL,
  `payload` longtext NOT NULL,
  `attempts` tinyint(3) UNSIGNED NOT NULL,
  `reserved_at` int(10) UNSIGNED DEFAULT NULL,
  `available_at` int(10) UNSIGNED NOT NULL,
  `created_at` int(10) UNSIGNED NOT NULL
) ENGINE=InnoDB DEFAULT CHARSET=utf8mb4 COLLATE=utf8mb4_unicode_ci;

-- --------------------------------------------------------

--
-- Table structure for table `job_batches`
--

CREATE TABLE `job_batches` (
  `id` varchar(255) NOT NULL,
  `name` varchar(255) NOT NULL,
  `total_jobs` int(11) NOT NULL,
  `pending_jobs` int(11) NOT NULL,
  `failed_jobs` int(11) NOT NULL,
  `failed_job_ids` longtext NOT NULL,
  `options` mediumtext DEFAULT NULL,
  `cancelled_at` int(11) DEFAULT NULL,
  `created_at` int(11) NOT NULL,
  `finished_at` int(11) DEFAULT NULL
) ENGINE=InnoDB DEFAULT CHARSET=utf8mb4 COLLATE=utf8mb4_unicode_ci;

-- --------------------------------------------------------

--
-- Table structure for table `migrations`
--

CREATE TABLE `migrations` (
  `id` int(10) UNSIGNED NOT NULL,
  `migration` varchar(255) NOT NULL,
  `batch` int(11) NOT NULL
) ENGINE=InnoDB DEFAULT CHARSET=utf8mb4 COLLATE=utf8mb4_unicode_ci;

--
-- Dumping data for table `migrations`
--

INSERT INTO `migrations` (`id`, `migration`, `batch`) VALUES
(1, '0001_01_01_000000_create_users_table', 1),
(2, '0001_01_01_000001_create_cache_table', 1),
(3, '0001_01_01_000002_create_jobs_table', 1),
(4, '2026_03_26_111342_create_questions_table', 1),
(5, '2026_03_26_111343_create_options_table', 1),
(6, '2026_03_26_111343_create_responses_table', 1),
(7, '2026_03_26_111345_create_answers_table', 1),
(8, '2026_03_26_113501_create_sections_table', 1),
(9, '2026_03_26_113518_add_section_id_to_questions_table', 1),
(10, '2026_03_26_120126_add_meta_params_to_questions_table', 1),
(11, '2026_03_27_102252_add_unique_id_to_responses_table', 1),
(12, '2026_04_01_104142_add_reason_to_answers_table', 2);

-- --------------------------------------------------------

--
-- Table structure for table `options`
--

CREATE TABLE `options` (
  `id` bigint(20) UNSIGNED NOT NULL,
  `question_id` bigint(20) UNSIGNED NOT NULL,
  `option_text_gu` varchar(255) NOT NULL,
  `option_text_en` varchar(255) DEFAULT NULL,
  `order` int(11) NOT NULL DEFAULT 0,
  `created_at` timestamp NULL DEFAULT NULL,
  `updated_at` timestamp NULL DEFAULT NULL
) ENGINE=InnoDB DEFAULT CHARSET=utf8mb4 COLLATE=utf8mb4_unicode_ci;

--
-- Dumping data for table `options`
--

INSERT INTO `options` (`id`, `question_id`, `option_text_gu`, `option_text_en`, `order`, `created_at`, `updated_at`) VALUES
(1, 3, '20 થી 25 વર્ષ', NULL, 1, '2026-04-01 09:02:32', '2026-04-01 09:02:32'),
(2, 3, '26 થી 30 વર્ષ', NULL, 2, '2026-04-01 09:02:32', '2026-04-01 09:02:32'),
(3, 3, '31 થી 35 વર્ષ', NULL, 3, '2026-04-01 09:02:32', '2026-04-01 09:02:32'),
(4, 3, '35 વર્ષથી ઉપર', NULL, 4, '2026-04-01 09:02:32', '2026-04-01 09:02:32'),
(5, 8, 'ગુજરાતી', NULL, 1, '2026-04-01 09:02:32', '2026-04-01 09:02:32'),
(6, 8, 'હિન્દી', NULL, 2, '2026-04-01 09:02:32', '2026-04-01 09:02:32'),
(7, 8, 'અંગ્રેજી', NULL, 3, '2026-04-01 09:02:32', '2026-04-01 09:02:32'),
(8, 8, 'અન્ય', NULL, 4, '2026-04-01 09:02:32', '2026-04-01 09:02:32'),
(9, 9, 'અપરિણીત', NULL, 1, '2026-04-01 09:02:32', '2026-04-01 09:02:32'),
(10, 9, 'પરિણીત', NULL, 2, '2026-04-01 09:02:32', '2026-04-01 09:02:32'),
(11, 9, 'છૂટાછેડા', NULL, 3, '2026-04-01 09:02:32', '2026-04-01 09:02:32'),
(12, 9, 'વિધવા', NULL, 4, '2026-04-01 09:02:32', '2026-04-01 09:02:32'),
(13, 9, 'ત્યક્તા', NULL, 5, '2026-04-01 09:02:32', '2026-04-01 09:02:32'),
(14, 10, 'સ્નાતક', NULL, 1, '2026-04-01 09:02:32', '2026-04-01 09:02:32'),
(15, 10, 'અનુસ્નાતક', NULL, 2, '2026-04-01 09:02:32', '2026-04-01 09:02:32'),
(16, 10, 'પી.ટી.સી.', NULL, 3, '2026-04-01 09:02:32', '2026-04-01 09:02:32'),
(17, 10, 'બી.એડ.', NULL, 4, '2026-04-01 09:02:32', '2026-04-01 09:02:32'),
(18, 10, 'એમ.એડ.', NULL, 5, '2026-04-01 09:02:32', '2026-04-01 09:02:32'),
(19, 10, 'સી.પી.એડ./ડી.પી.એડ.', NULL, 6, '2026-04-01 09:02:32', '2026-04-01 09:02:32'),
(20, 10, 'એમ.ફિલ.', NULL, 7, '2026-04-01 09:02:32', '2026-04-01 09:02:32'),
(21, 10, 'પી.એચ.ડી.', NULL, 8, '2026-04-01 09:02:32', '2026-04-01 09:02:32'),
(22, 10, 'અન્ય', NULL, 9, '2026-04-01 09:02:32', '2026-04-01 09:02:32'),
(23, 11, 'માધ્યમિક વિભાગ (ધોરણ – 9 થી 10)', NULL, 1, '2026-04-01 09:02:32', '2026-04-01 09:02:32'),
(24, 11, 'ઉચ્ચતર માધ્યમિક વિભાગ (ધોરણ – 11 થી 12)', NULL, 2, '2026-04-01 09:02:32', '2026-04-01 09:02:32'),
(25, 12, 'ગુજરાતી', NULL, 1, '2026-04-01 09:02:32', '2026-04-01 09:02:32'),
(26, 12, 'હિન્દી', NULL, 2, '2026-04-01 09:02:32', '2026-04-01 09:02:32'),
(27, 12, 'અંગ્રેજી', NULL, 3, '2026-04-01 09:02:32', '2026-04-01 09:02:32'),
(28, 13, '1 વર્ષથી ઓછી', NULL, 1, '2026-04-01 09:02:32', '2026-04-01 09:02:32'),
(29, 13, '1 થી 5 વર્ષ', NULL, 2, '2026-04-01 09:02:32', '2026-04-01 09:02:32'),
(30, 13, '6 વર્ષથી 10 વર્ષ', NULL, 3, '2026-04-01 09:02:32', '2026-04-01 09:02:32'),
(31, 13, '11 વર્ષથી 20 વર્ષ', NULL, 4, '2026-04-01 09:02:32', '2026-04-01 09:02:32'),
(32, 13, '21 વર્ષથી વધારે', NULL, 5, '2026-04-01 09:02:32', '2026-04-01 09:02:32'),
(33, 14, 'સંયુક્ત કુટુંબ', NULL, 1, '2026-04-01 09:02:32', '2026-04-01 09:02:32'),
(34, 14, 'વિભક્ત કુટુંબ', NULL, 2, '2026-04-01 09:02:32', '2026-04-01 09:02:32'),
(35, 17, 'હા', NULL, 1, '2026-04-01 09:02:32', '2026-04-01 09:02:32'),
(36, 17, 'ના', NULL, 2, '2026-04-01 09:02:32', '2026-04-01 09:02:32'),
(37, 18, 'આર્થિક જરૂરિયાત માટે', NULL, 1, '2026-04-01 09:02:32', '2026-04-01 09:02:32'),
(38, 18, 'આત્મનિર્ભરતા માટે', NULL, 2, '2026-04-01 09:02:32', '2026-04-01 09:02:32'),
(39, 18, 'શોખ પૂરો કરવા માટે', NULL, 3, '2026-04-01 09:02:32', '2026-04-01 09:02:32'),
(40, 18, 'ભવિષ્યની સલામતી માટે', NULL, 4, '2026-04-01 09:02:32', '2026-04-01 09:02:32'),
(41, 18, 'ઉચ્ચ જીવનશૈલી માટે', NULL, 5, '2026-04-01 09:02:32', '2026-04-01 09:02:32'),
(42, 18, 'પોતે મેળવેલ શિક્ષણની ઉપયોગિતા માટે', NULL, 6, '2026-04-01 09:02:32', '2026-04-01 09:02:32'),
(43, 19, 'પતિ', NULL, 1, '2026-04-01 09:02:32', '2026-04-01 09:02:32'),
(44, 19, 'સાસુ', NULL, 2, '2026-04-01 09:02:32', '2026-04-01 09:02:32'),
(45, 19, 'સસરા', NULL, 3, '2026-04-01 09:02:32', '2026-04-01 09:02:32'),
(46, 19, 'સંતાનો', NULL, 4, '2026-04-01 09:02:32', '2026-04-01 09:02:32'),
(47, 19, 'અન્ય', NULL, 5, '2026-04-01 09:02:32', '2026-04-01 09:02:32'),
(53, 21, 'હા (ઘર)', NULL, 1, '2026-04-01 09:02:32', '2026-04-01 09:02:32'),
(54, 21, 'હા (સગાસંબંધીઓ)', NULL, 2, '2026-04-01 09:02:32', '2026-04-01 09:02:32'),
(55, 21, 'હા (પડોશમાં)', NULL, 3, '2026-04-01 09:02:32', '2026-04-01 09:02:32'),
(56, 21, 'હા (સમાજ)', NULL, 4, '2026-04-01 09:02:32', '2026-04-01 09:02:32'),
(57, 21, 'હા (કુટુંબ)', NULL, 5, '2026-04-01 09:02:32', '2026-04-01 09:02:32'),
(58, 21, 'હા (મિત્ર વર્તુળ)', NULL, 6, '2026-04-01 09:02:32', '2026-04-01 09:02:32'),
(59, 21, 'હા (જાતિ)', NULL, 7, '2026-04-01 09:02:32', '2026-04-01 09:02:32'),
(60, 21, 'હા (અન્ય)', NULL, 8, '2026-04-01 09:02:32', '2026-04-01 09:02:32'),
(61, 21, 'ના', NULL, 9, '2026-04-01 09:02:32', '2026-04-01 09:02:32'),
(62, 22, 'હા (સરકારી નોકરી મળી છે અને શાળામાં માન છે.)', NULL, 1, '2026-04-01 09:02:32', '2026-04-01 09:02:32'),
(63, 22, 'હા (મિત્રો કરતા પગાર ધોરણ ઊંચું છે.)', NULL, 2, '2026-04-01 09:02:32', '2026-04-01 09:02:32'),
(64, 22, 'હા (શિક્ષકની નોકરીમાં બીજા મિત્રો કરતા તમને વેકેશન વધારે મળે છે.)', NULL, 3, '2026-04-01 09:02:32', '2026-04-01 09:02:32'),
(65, 22, 'હા (નોકરી વતનમાં છે અને કામના કલાકો ઓછા છે.)', NULL, 4, '2026-04-01 09:02:32', '2026-04-01 09:02:32'),
(66, 22, 'હા (નોકરીમાં વિદ્યાર્થીઓ તરફથી શાળામાં પ્રેમ અને લાગણી વધારે મળે છે.)', NULL, 5, '2026-04-01 09:02:32', '2026-04-01 09:02:32'),
(67, 22, 'ના', NULL, 6, '2026-04-01 09:02:32', '2026-04-01 09:02:32'),
(68, 23, 'ધોરણ – 9 અને ધોરણ – 10 માં શિક્ષક તરીકેની કામગીરી', NULL, 1, '2026-04-01 09:02:32', '2026-04-01 09:02:32'),
(69, 23, 'ધોરણ – 11 અને ધોરણ – 12 માં વિષયક શિક્ષક તરીકેની કામગીરી', NULL, 2, '2026-04-01 09:02:32', '2026-04-01 09:02:32'),
(70, 24, 'એક કલાક', NULL, 1, '2026-04-01 09:02:32', '2026-04-01 09:02:32'),
(71, 24, 'બે કલાક', NULL, 2, '2026-04-01 09:02:32', '2026-04-01 09:02:32'),
(72, 24, 'ત્રણ કલાક', NULL, 3, '2026-04-01 09:02:32', '2026-04-01 09:02:32'),
(73, 24, 'ચાર કલાક', NULL, 4, '2026-04-01 09:02:32', '2026-04-01 09:02:32'),
(74, 24, 'તૈયારીની કોઈ જરૂર નથી', NULL, 5, '2026-04-01 09:02:32', '2026-04-01 09:02:32'),
(75, 25, 'શિક્ષક આવૃત્તિ', NULL, 1, '2026-04-01 09:02:32', '2026-04-01 09:02:32'),
(76, 25, 'સંદર્ભસાહિત્ય', NULL, 2, '2026-04-01 09:02:32', '2026-04-01 09:02:32'),
(77, 25, 'ગાઈડ', NULL, 3, '2026-04-01 09:02:32', '2026-04-01 09:02:32'),
(78, 25, 'અન્ય', NULL, 4, '2026-04-01 09:02:32', '2026-04-01 09:02:32'),
(79, 25, 'ના', NULL, 5, '2026-04-01 09:02:32', '2026-04-01 09:02:32'),
(80, 26, 'પોતાના વિષયને લગતા', NULL, 1, '2026-04-01 09:02:32', '2026-04-01 09:02:32'),
(81, 26, 'શાળા વ્યવસ્થાપન', NULL, 2, '2026-04-01 09:02:32', '2026-04-01 09:02:32'),
(82, 26, 'વર્ગમાં શિક્ષણને લગતા', NULL, 3, '2026-04-01 09:02:32', '2026-04-01 09:02:32'),
(83, 26, 'નવલકથા', NULL, 4, '2026-04-01 09:02:32', '2026-04-01 09:02:32'),
(84, 26, 'જીવન ઘડતર અને વ્યક્તિત્વ વિકાસ', NULL, 5, '2026-04-01 09:02:32', '2026-04-01 09:02:32'),
(85, 26, 'બાળ મનોઃવિજ્ઞાનને લગતા', NULL, 6, '2026-04-01 09:02:32', '2026-04-01 09:02:32'),
(86, 26, 'શિક્ષણના સિદ્ધાંતો', NULL, 7, '2026-04-01 09:02:32', '2026-04-01 09:02:32'),
(87, 26, 'શિક્ષણ પદ્ધતિશાસ્ત્રને લગતા', NULL, 8, '2026-04-01 09:02:32', '2026-04-01 09:02:32'),
(88, 26, 'ના', NULL, 9, '2026-04-01 09:02:32', '2026-04-01 09:02:32'),
(89, 27, 'વાંચન', NULL, 1, '2026-04-01 09:02:32', '2026-04-01 09:02:32'),
(90, 27, 'બાળકો સાથે', NULL, 2, '2026-04-01 09:02:32', '2026-04-01 09:02:32'),
(91, 27, 'બહાર ફરવા જવું', NULL, 3, '2026-04-01 09:02:32', '2026-04-01 09:02:32'),
(92, 27, 'સંગીત', NULL, 4, '2026-04-01 09:02:32', '2026-04-01 09:02:32'),
(93, 27, 'ગપ્પા મારવા', NULL, 5, '2026-04-01 09:02:32', '2026-04-01 09:02:32'),
(94, 27, 'ચિત્રકામ', NULL, 6, '2026-04-01 09:02:32', '2026-04-01 09:02:32'),
(95, 27, 'ટી.વી. જોવું', NULL, 7, '2026-04-01 09:02:32', '2026-04-01 09:02:32'),
(96, 27, 'ઘર સફાઈ', NULL, 8, '2026-04-01 09:02:32', '2026-04-01 09:02:32'),
(97, 27, 'લેખન', NULL, 9, '2026-04-01 09:02:32', '2026-04-01 09:02:32'),
(98, 28, '2 કિલોમીટર', NULL, 1, '2026-04-01 09:02:32', '2026-04-01 09:02:32'),
(99, 28, '2 થી 5 કિલોમીટર', NULL, 2, '2026-04-01 09:02:32', '2026-04-01 09:02:32'),
(100, 28, '5 થી 10 કિલોમીટર', NULL, 3, '2026-04-01 09:02:32', '2026-04-01 09:02:32'),
(101, 28, '10 કિલોમીટર થી વધારે', NULL, 4, '2026-04-01 09:02:32', '2026-04-01 09:02:32'),
(102, 29, 'નોકરીના ગામમાં જ રહું છું', NULL, 1, '2026-04-01 09:02:32', '2026-04-01 09:02:32'),
(103, 29, 'અપ-ડાઉન કરું છું', NULL, 2, '2026-04-01 09:02:32', '2026-04-01 09:02:32'),
(104, 30, 'હા (બસ)', NULL, 1, '2026-04-01 09:02:32', '2026-04-01 09:02:32'),
(105, 30, 'હા (રિક્ષા)', NULL, 2, '2026-04-01 09:02:32', '2026-04-01 09:02:32'),
(106, 30, 'હા (ટુ વ્હીલર)', NULL, 3, '2026-04-01 09:02:32', '2026-04-01 09:02:32'),
(107, 30, 'હા (ફોર વ્હીલર)', NULL, 4, '2026-04-01 09:02:32', '2026-04-01 09:02:32'),
(108, 30, 'ના', NULL, 5, '2026-04-01 09:02:32', '2026-04-01 09:02:32'),
(109, 31, 'હા', NULL, 1, '2026-04-01 09:02:32', '2026-04-01 09:02:32'),
(110, 31, 'ના', NULL, 2, '2026-04-01 09:02:32', '2026-04-01 09:02:32'),
(111, 32, 'અપ-ડાઉનની', NULL, 1, '2026-04-01 09:02:32', '2026-04-01 09:02:32'),
(112, 32, 'સમયની', NULL, 2, '2026-04-01 09:02:32', '2026-04-01 09:02:32'),
(113, 32, 'ઘરમાં', NULL, 3, '2026-04-01 09:02:32', '2026-04-01 09:02:32'),
(114, 32, 'શાળામાં', NULL, 4, '2026-04-01 09:02:32', '2026-04-01 09:02:32'),
(115, 32, 'સહકર્મચારી સાથે', NULL, 5, '2026-04-01 09:02:32', '2026-04-01 09:02:32'),
(116, 32, 'આચાર્ય સાથે', NULL, 6, '2026-04-01 09:02:32', '2026-04-01 09:02:32'),
(117, 33, 'હા', NULL, 1, '2026-04-01 09:02:32', '2026-04-01 09:02:32'),
(118, 33, 'ના', NULL, 2, '2026-04-01 09:02:32', '2026-04-01 09:02:32'),
(119, 34, 'આત્મીયતાના', NULL, 1, '2026-04-01 09:02:32', '2026-04-01 09:02:32'),
(120, 34, 'મર્યાદિત', NULL, 2, '2026-04-01 09:02:32', '2026-04-01 09:02:32'),
(121, 34, 'મધ્યમ', NULL, 3, '2026-04-01 09:02:32', '2026-04-01 09:02:32'),
(122, 34, 'ઉપચારિક', NULL, 4, '2026-04-01 09:02:32', '2026-04-01 09:02:32'),
(123, 35, 'ઉચ્ચ સ્થાન', NULL, 1, '2026-04-01 09:02:32', '2026-04-01 09:02:32'),
(124, 35, 'મધ્યમ સ્થાન', NULL, 2, '2026-04-01 09:02:32', '2026-04-01 09:02:32'),
(125, 35, 'નિમ્ન સ્થાન', NULL, 3, '2026-04-01 09:02:32', '2026-04-01 09:02:32'),
(126, 36, 'અગાઉથી સમય મેળવીને', NULL, 1, '2026-04-01 09:02:32', '2026-04-01 09:02:32'),
(127, 36, 'ગમે ત્યારે', NULL, 2, '2026-04-01 09:02:32', '2026-04-01 09:02:32'),
(128, 36, 'તાત્કાલિક', NULL, 3, '2026-04-01 09:02:32', '2026-04-01 09:02:32'),
(129, 37, 'શૈક્ષણિક', NULL, 1, '2026-04-01 09:02:32', '2026-04-01 09:02:32'),
(130, 37, 'અંગત', NULL, 2, '2026-04-01 09:02:32', '2026-04-01 09:02:32'),
(131, 37, 'મિત્ર વર્તુળના પ્રશ્નો', NULL, 3, '2026-04-01 09:02:32', '2026-04-01 09:02:32'),
(132, 37, 'કૌટુંબિક', NULL, 4, '2026-04-01 09:02:32', '2026-04-01 09:02:32'),
(133, 38, 'જિજ્ઞાસુ', NULL, 1, '2026-04-01 09:02:32', '2026-04-01 09:02:32'),
(134, 38, 'અભ્યાસુ', NULL, 2, '2026-04-01 09:02:32', '2026-04-01 09:02:32'),
(135, 38, 'રમતીયાળ', NULL, 3, '2026-04-01 09:02:32', '2026-04-01 09:02:32'),
(136, 38, 'ચંચળ', NULL, 4, '2026-04-01 09:02:32', '2026-04-01 09:02:32'),
(137, 38, 'સંસ્કારી', NULL, 5, '2026-04-01 09:02:32', '2026-04-01 09:02:32'),
(138, 38, 'અન્ય', NULL, 6, '2026-04-01 09:02:32', '2026-04-01 09:02:32'),
(139, 39, 'હા', NULL, 1, '2026-04-01 09:02:32', '2026-04-01 09:02:32'),
(140, 39, 'ના', NULL, 2, '2026-04-01 09:02:32', '2026-04-01 09:02:32'),
(141, 40, 'હા (દરરોજ)', NULL, 1, '2026-04-01 09:02:32', '2026-04-01 09:02:32'),
(142, 40, 'હા (ક્યારેક)', NULL, 2, '2026-04-01 09:02:32', '2026-04-01 09:02:32'),
(143, 40, 'હા (પ્રસંગોપાત)', NULL, 3, '2026-04-01 09:02:32', '2026-04-01 09:02:32'),
(144, 40, 'ના', NULL, 4, '2026-04-01 09:02:32', '2026-04-01 09:02:32'),
(145, 41, 'કરિયર માર્ગદર્શન', NULL, 1, '2026-04-01 09:02:32', '2026-04-01 09:02:32'),
(146, 41, 'વ્યક્તિગત વિકાસ', NULL, 2, '2026-04-01 09:02:32', '2026-04-01 09:02:32'),
(147, 41, 'પ્રોજેક્ટ વર્ક', NULL, 3, '2026-04-01 09:02:32', '2026-04-01 09:02:32'),
(148, 41, 'મૂલ્ય શિક્ષણ અને જીવન ઘડતર', NULL, 4, '2026-04-01 09:02:32', '2026-04-01 09:02:32'),
(149, 41, 'ના', NULL, 5, '2026-04-01 09:02:32', '2026-04-01 09:02:32'),
(150, 42, 'સ્ટેશનરી', NULL, 1, '2026-04-01 09:02:32', '2026-04-01 09:02:32'),
(151, 42, 'કપડા', NULL, 2, '2026-04-01 09:02:32', '2026-04-01 09:02:32'),
(152, 42, 'ઘરની આર્થિક મદદ', NULL, 3, '2026-04-01 09:02:32', '2026-04-01 09:02:32'),
(153, 42, 'ના', NULL, 4, '2026-04-01 09:02:32', '2026-04-01 09:02:32'),
(154, 43, 'હંમેશા', NULL, 1, '2026-04-01 09:02:32', '2026-04-01 09:02:32'),
(155, 43, 'ક્યારેક', NULL, 2, '2026-04-01 09:02:32', '2026-04-01 09:02:32'),
(156, 43, 'પ્રસંગોપાત', NULL, 3, '2026-04-01 09:02:32', '2026-04-01 09:02:32'),
(163, 46, 'હા', NULL, 1, '2026-04-01 09:02:32', '2026-04-01 09:02:32'),
(164, 46, 'ના', NULL, 2, '2026-04-01 09:02:32', '2026-04-01 09:02:32'),
(165, 47, 'હકારાત્મક', NULL, 1, '2026-04-01 09:02:32', '2026-04-01 09:02:32'),
(166, 47, 'નકારાત્મક', NULL, 2, '2026-04-01 09:02:32', '2026-04-01 09:02:32'),
(167, 48, 'હા', NULL, 1, '2026-04-01 09:02:32', '2026-04-01 09:02:32'),
(168, 48, 'ના', NULL, 2, '2026-04-01 09:02:32', '2026-04-01 09:02:32'),
(169, 49, 'હા', NULL, 1, '2026-04-01 09:02:32', '2026-04-01 09:02:32'),
(170, 49, 'ના', NULL, 2, '2026-04-01 09:02:32', '2026-04-01 09:02:32'),
(171, 50, 'હા', NULL, 1, '2026-04-01 09:02:32', '2026-04-01 09:02:32'),
(172, 50, 'ના', NULL, 2, '2026-04-01 09:02:32', '2026-04-01 09:02:32'),
(173, 51, 'હા', NULL, 1, '2026-04-01 09:02:32', '2026-04-01 09:02:32'),
(174, 51, 'ના', NULL, 2, '2026-04-01 09:02:32', '2026-04-01 09:02:32'),
(177, 53, 'હા', NULL, 1, '2026-04-01 09:02:32', '2026-04-01 09:02:32'),
(178, 53, 'ના', NULL, 2, '2026-04-01 09:02:32', '2026-04-01 09:02:32'),
(179, 54, 'હા', NULL, 1, '2026-04-01 09:02:32', '2026-04-01 09:02:32'),
(180, 54, 'ના', NULL, 2, '2026-04-01 09:02:32', '2026-04-01 09:02:32'),
(181, 55, 'લગ્ન કરવા જોઈએ', NULL, 1, '2026-04-01 09:02:32', '2026-04-01 09:02:32'),
(182, 55, 'લગ્ન ન કરવા જોઈએ', NULL, 2, '2026-04-01 09:02:32', '2026-04-01 09:02:32'),
(183, 56, 'હા', NULL, 1, '2026-04-01 09:02:32', '2026-04-01 09:02:32'),
(184, 56, 'ના', NULL, 2, '2026-04-01 09:02:32', '2026-04-01 09:02:32'),
(185, 57, 'હકારાત્મક', NULL, 1, '2026-04-01 09:02:32', '2026-04-01 09:02:32'),
(186, 57, 'નકારાત્મક', NULL, 2, '2026-04-01 09:02:32', '2026-04-01 09:02:32'),
(187, 58, 'હા', NULL, 1, '2026-04-01 09:02:32', '2026-04-01 09:02:32'),
(188, 58, 'ના', NULL, 2, '2026-04-01 09:02:32', '2026-04-01 09:02:32'),
(189, 59, 'હા', NULL, 1, '2026-04-01 09:02:32', '2026-04-01 09:02:32'),
(190, 59, 'ના', NULL, 2, '2026-04-01 09:02:32', '2026-04-01 09:02:32'),
(191, 60, 'હા', NULL, 1, '2026-04-01 09:02:32', '2026-04-01 09:02:32'),
(192, 60, 'ના', NULL, 2, '2026-04-01 09:02:32', '2026-04-01 09:02:32'),
(193, 61, 'હા', NULL, 1, '2026-04-01 09:02:32', '2026-04-01 09:02:32'),
(194, 61, 'ના', NULL, 2, '2026-04-01 09:02:32', '2026-04-01 09:02:32'),
(195, 62, 'હા', NULL, 1, '2026-04-01 09:02:32', '2026-04-01 09:02:32'),
(196, 62, 'ના', NULL, 2, '2026-04-01 09:02:32', '2026-04-01 09:02:32'),
(197, 63, 'હા', NULL, 1, '2026-04-01 09:02:32', '2026-04-01 09:02:32'),
(198, 63, 'ના', NULL, 2, '2026-04-01 09:02:32', '2026-04-01 09:02:32'),
(199, 64, 'હા', NULL, 1, '2026-04-01 09:02:32', '2026-04-01 09:02:32'),
(200, 64, 'ના', NULL, 2, '2026-04-01 09:02:32', '2026-04-01 09:02:32'),
(201, 65, 'હા', NULL, 1, '2026-04-01 09:02:32', '2026-04-01 09:02:32'),
(202, 65, 'ના', NULL, 2, '2026-04-01 09:02:32', '2026-04-01 09:02:32'),
(203, 66, 'આચાર્યનું વ્યક્તિત્વ પ્રભાવશાળી હોવું જોઈએ', NULL, 1, '2026-04-01 09:02:32', '2026-04-01 09:02:32'),
(204, 66, 'આચાર્ય સ્વયં શિસ્તને આવકારતા હોવા જોઈએ', NULL, 2, '2026-04-01 09:02:32', '2026-04-01 09:02:32'),
(205, 66, 'સહકર્મચારી સાથે સહકારપૂર્ણ વર્તન હોવું જોઈએ', NULL, 3, '2026-04-01 09:02:32', '2026-04-01 09:02:32'),
(206, 66, 'આચાર્યમાં આત્મવિશ્વાસ હોવો જોઈએ', NULL, 4, '2026-04-01 09:02:32', '2026-04-01 09:02:32'),
(207, 67, 'હા', NULL, 1, '2026-04-01 09:02:32', '2026-04-01 09:02:32'),
(208, 67, 'ના', NULL, 2, '2026-04-01 09:02:32', '2026-04-01 09:02:32'),
(209, 68, 'હા', NULL, 1, '2026-04-01 09:02:32', '2026-04-01 09:02:32'),
(210, 68, 'ના', NULL, 2, '2026-04-01 09:02:32', '2026-04-01 09:02:32'),
(211, 69, 'હા', NULL, 1, '2026-04-01 09:02:32', '2026-04-01 09:02:32'),
(212, 69, 'ના', NULL, 2, '2026-04-01 09:02:32', '2026-04-01 09:02:32'),
(213, 70, 'હા', NULL, 1, '2026-04-01 09:02:32', '2026-04-01 09:02:32'),
(214, 70, 'ના', NULL, 2, '2026-04-01 09:02:32', '2026-04-01 09:02:32'),
(215, 71, 'હા', NULL, 1, '2026-04-01 09:02:32', '2026-04-01 09:02:32'),
(216, 71, 'ના', NULL, 2, '2026-04-01 09:02:32', '2026-04-01 09:02:32'),
(217, 71, 'અપરિણીત', NULL, 3, '2026-04-01 09:02:32', '2026-04-01 09:02:32'),
(218, 72, 'હા', NULL, 1, '2026-04-01 09:02:32', '2026-04-01 09:02:32'),
(219, 72, 'ના', NULL, 2, '2026-04-01 09:02:32', '2026-04-01 09:02:32'),
(220, 73, 'હા', NULL, 1, '2026-04-01 09:02:32', '2026-04-01 09:02:32'),
(221, 73, 'ના', NULL, 2, '2026-04-01 09:02:32', '2026-04-01 09:02:32'),
(222, 74, 'હા', NULL, 1, '2026-04-01 09:02:32', '2026-04-01 09:02:32'),
(223, 74, 'ના', NULL, 2, '2026-04-01 09:02:32', '2026-04-01 09:02:32'),
(224, 75, 'હા', NULL, 1, '2026-04-01 09:02:32', '2026-04-01 09:02:32'),
(225, 75, 'ના', NULL, 2, '2026-04-01 09:02:32', '2026-04-01 09:02:32'),
(226, 76, 'હા', NULL, 1, '2026-04-01 09:02:32', '2026-04-01 09:02:32'),
(227, 76, 'ના', NULL, 2, '2026-04-01 09:02:32', '2026-04-01 09:02:32'),
(228, 76, 'અપરિણીત', NULL, 3, '2026-04-01 09:02:32', '2026-04-01 09:02:32'),
(229, 77, 'હા', NULL, 1, '2026-04-01 09:02:32', '2026-04-01 09:02:32'),
(230, 77, 'ના', NULL, 2, '2026-04-01 09:02:32', '2026-04-01 09:02:32'),
(231, 78, 'હા', NULL, 1, '2026-04-01 09:02:32', '2026-04-01 09:02:32'),
(232, 78, 'ના', NULL, 2, '2026-04-01 09:02:32', '2026-04-01 09:02:32'),
(233, 79, 'હા', NULL, 1, '2026-04-01 09:02:32', '2026-04-01 09:02:32'),
(234, 79, 'ના', NULL, 2, '2026-04-01 09:02:32', '2026-04-01 09:02:32'),
(235, 80, 'ઓછી', NULL, 1, '2026-04-01 09:02:32', '2026-04-01 09:02:32'),
(236, 80, 'વધારે', NULL, 2, '2026-04-01 09:02:32', '2026-04-01 09:02:32'),
(237, 80, 'સામાન્ય', NULL, 3, '2026-04-01 09:02:32', '2026-04-01 09:02:32'),
(238, 80, 'નહિવત', NULL, 4, '2026-04-01 09:02:32', '2026-04-01 09:02:32'),
(239, 81, 'હા', NULL, 1, '2026-04-01 09:02:32', '2026-04-01 09:02:32'),
(240, 81, 'ના', NULL, 2, '2026-04-01 09:02:32', '2026-04-01 09:02:32'),
(241, 82, 'ઉચ્ચ', NULL, 1, '2026-04-01 09:02:32', '2026-04-01 09:02:32'),
(242, 82, 'નીચ', NULL, 2, '2026-04-01 09:02:32', '2026-04-01 09:02:32'),
(243, 82, 'સમાન', NULL, 3, '2026-04-01 09:02:32', '2026-04-01 09:02:32'),
(244, 83, 'તમારી પાસે રાખો છો', NULL, 1, '2026-04-01 09:02:32', '2026-04-01 09:02:32'),
(245, 83, 'કુટુંબના મુખ્ય સભ્યને આપો છો', NULL, 2, '2026-04-01 09:02:32', '2026-04-01 09:02:32'),
(246, 83, 'અન્ય', NULL, 3, '2026-04-01 09:02:32', '2026-04-01 09:02:32'),
(247, 84, 'હા', NULL, 1, '2026-04-01 09:02:32', '2026-04-01 09:02:32'),
(248, 84, 'ના', NULL, 2, '2026-04-01 09:02:32', '2026-04-01 09:02:32'),
(249, 85, 'હા', NULL, 1, '2026-04-01 09:02:32', '2026-04-01 09:02:32'),
(250, 85, 'ના', NULL, 2, '2026-04-01 09:02:32', '2026-04-01 09:02:32'),
(251, 86, 'જમીન', NULL, 1, '2026-04-01 09:02:32', '2026-04-01 09:02:32'),
(252, 86, 'વીમા', NULL, 2, '2026-04-01 09:02:32', '2026-04-01 09:02:32'),
(253, 86, 'શેર', NULL, 3, '2026-04-01 09:02:32', '2026-04-01 09:02:32'),
(254, 86, 'સોનામાં', NULL, 4, '2026-04-01 09:02:32', '2026-04-01 09:02:32'),
(255, 86, 'ખેતીમાં', NULL, 5, '2026-04-01 09:02:32', '2026-04-01 09:02:32'),
(256, 86, 'અન્ય', NULL, 6, '2026-04-01 09:02:32', '2026-04-01 09:02:32'),
(257, 86, 'ના', NULL, 7, '2026-04-01 09:02:32', '2026-04-01 09:02:32'),
(258, 87, 'હા', NULL, 1, '2026-04-01 09:02:32', '2026-04-01 09:02:32'),
(259, 87, 'ના', NULL, 2, '2026-04-01 09:02:32', '2026-04-01 09:02:32'),
(260, 88, 'હા', NULL, 1, '2026-04-01 09:02:32', '2026-04-01 09:02:32'),
(261, 88, 'ના', NULL, 2, '2026-04-01 09:02:32', '2026-04-01 09:02:32'),
(262, 20, 'માતા', '', 0, '2026-04-01 10:27:29', '2026-04-01 10:27:29'),
(263, 20, 'પિતા', '', 0, '2026-04-01 10:27:29', '2026-04-01 10:27:29'),
(264, 20, 'ભાઈ', '', 0, '2026-04-01 10:27:29', '2026-04-01 10:27:29'),
(265, 20, 'ભાભી', '', 0, '2026-04-01 10:27:29', '2026-04-01 10:27:29'),
(266, 20, 'બહેન', '', 0, '2026-04-01 10:27:29', '2026-04-01 10:27:29'),
(267, 20, 'મિત્રો', '', 0, '2026-04-01 10:27:29', '2026-04-01 10:27:29'),
(272, 44, 'હા', '', 0, '2026-04-01 10:47:22', '2026-04-01 10:47:22'),
(273, 44, 'ના', '', 0, '2026-04-01 10:47:22', '2026-04-01 10:47:22'),
(274, 45, 'આજ્ઞાંકીત', '', 0, '2026-04-01 10:56:12', '2026-04-01 10:56:12'),
(275, 45, 'અંતમુખી', '', 0, '2026-04-01 10:56:12', '2026-04-01 10:56:12'),
(276, 45, 'બહિર્મુખી', '', 0, '2026-04-01 10:56:12', '2026-04-01 10:56:12'),
(277, 45, 'ઉદ્દત', '', 0, '2026-04-01 10:56:12', '2026-04-01 10:56:12'),
(280, 52, 'હા', '', 0, '2026-04-01 11:53:20', '2026-04-01 11:53:20'),
(281, 52, 'ના', '', 0, '2026-04-01 11:53:20', '2026-04-01 11:53:20');

-- --------------------------------------------------------

--
-- Table structure for table `password_reset_tokens`
--

CREATE TABLE `password_reset_tokens` (
  `email` varchar(255) NOT NULL,
  `token` varchar(255) NOT NULL,
  `created_at` timestamp NULL DEFAULT NULL
) ENGINE=InnoDB DEFAULT CHARSET=utf8mb4 COLLATE=utf8mb4_unicode_ci;

-- --------------------------------------------------------

--
-- Table structure for table `questions`
--

CREATE TABLE `questions` (
  `id` bigint(20) UNSIGNED NOT NULL,
  `section_id` bigint(20) UNSIGNED DEFAULT NULL,
  `section_name` varchar(255) DEFAULT NULL,
  `question_text_gu` text NOT NULL,
  `question_text_en` text DEFAULT NULL,
  `type` enum('text','radio','checkbox','textarea','table','number') NOT NULL DEFAULT 'text',
  `meta_params` longtext CHARACTER SET utf8mb4 COLLATE utf8mb4_bin DEFAULT NULL CHECK (json_valid(`meta_params`)),
  `is_required` tinyint(1) NOT NULL DEFAULT 0,
  `order` int(11) NOT NULL DEFAULT 0,
  `is_active` tinyint(1) NOT NULL DEFAULT 1,
  `created_at` timestamp NULL DEFAULT NULL,
  `updated_at` timestamp NULL DEFAULT NULL
) ENGINE=InnoDB DEFAULT CHARSET=utf8mb4 COLLATE=utf8mb4_unicode_ci;

--
-- Dumping data for table `questions`
--

INSERT INTO `questions` (`id`, `section_id`, `section_name`, `question_text_gu`, `question_text_en`, `type`, `meta_params`, `is_required`, `order`, `is_active`, `created_at`, `updated_at`) VALUES
(1, 1, NULL, 'નામ:', NULL, 'text', NULL, 0, 1, 1, '2026-04-01 09:02:32', '2026-04-01 09:23:19'),
(3, 1, NULL, 'ઉંમર:', NULL, 'radio', NULL, 0, 6, 1, '2026-04-01 09:02:32', '2026-04-01 09:23:19'),
(4, 1, NULL, 'જાતિ-પેટા જાતિ:', NULL, 'text', NULL, 0, 7, 1, '2026-04-01 09:02:32', '2026-04-01 09:23:19'),
(5, 1, NULL, 'ધર્મ:', NULL, 'text', NULL, 0, 8, 1, '2026-04-01 09:02:32', '2026-04-01 09:23:19'),
(6, 1, NULL, 'શાળાનું નામ:', NULL, 'text', NULL, 0, 9, 1, '2026-04-01 09:02:32', '2026-04-01 09:23:19'),
(7, 1, NULL, 'શાળાનું સરનામું (ગામ, શહેર, તાલુકો, જિલ્લો):', NULL, 'textarea', NULL, 0, 10, 1, '2026-04-01 09:02:32', '2026-04-01 09:23:19'),
(8, 1, NULL, 'તમે કેટલી ભાષા જાણો છો?', NULL, 'checkbox', NULL, 0, 15, 1, '2026-04-01 09:02:32', '2026-04-01 09:23:19'),
(9, 1, NULL, 'વૈવાહિક સ્થિતિ:', NULL, 'radio', NULL, 0, 16, 1, '2026-04-01 09:02:32', '2026-04-01 09:23:19'),
(10, 1, NULL, 'શૈક્ષણિક લાયકાત:', NULL, 'checkbox', NULL, 0, 17, 1, '2026-04-01 09:02:32', '2026-04-01 09:23:19'),
(11, 1, NULL, 'શૈક્ષણિક સંસ્થાનો વિભાગ:', NULL, 'radio', NULL, 0, 18, 1, '2026-04-01 09:02:32', '2026-04-01 09:23:19'),
(12, 1, NULL, 'શાળાનું માધ્યમ:', NULL, 'radio', NULL, 0, 19, 1, '2026-04-01 09:02:32', '2026-04-01 09:23:19'),
(13, 1, NULL, 'શૈક્ષણિક અનુભવ:', NULL, 'radio', NULL, 0, 20, 1, '2026-04-01 09:02:32', '2026-04-01 09:23:19'),
(14, 1, NULL, 'કુટુંબનો પ્રકાર:', NULL, 'radio', NULL, 0, 21, 1, '2026-04-01 09:02:32', '2026-04-01 09:23:19'),
(15, 1, NULL, 'વાર્ષિક આવક:', NULL, 'text', '{\"columns\":null,\"rows\":null}', 1, 22, 1, '2026-04-01 09:02:32', '2026-04-01 09:28:32'),
(16, 1, NULL, 'કૌટુંબિક માહિતી (કુટુંબની માહિતી દર્શાવતું પત્રક):', NULL, 'table', '{\"columns\":\"\\u0a95\\u0acd\\u0ab0\\u0aae,\\u0aa8\\u0abe\\u0aae,\\u0aaa\\u0ac1\\u0ab0\\u0ac1\\u0ab7\\/\\u0ab8\\u0acd\\u0aa4\\u0acd\\u0ab0\\u0ac0,\\u0a89\\u0aa4\\u0acd\\u0aa4\\u0ab0\\u0aa6\\u0abe\\u0aa4\\u0abe\\u0ab8\\u0abe\\u0aa5\\u0ac7\\u0ab8\\u0a82\\u0aac\\u0a82\\u0aa7 ,\\u0a89\\u0a82\\u0aae\\u0ab0,\\u0ab6\\u0abf\\u0a95\\u0acd\\u0ab7\\u0aa3,\\u0ab5\\u0ac8\\u0ab5\\u0abe\\u0ab9\\u0abf\\u0a95 \\u0aa6\\u0ab0\\u0a9c\\u0a9c\\u0acb,\\u0ab5\\u0acd\\u0aaf\\u0ab5\\u0ab8\\u0abe\\u0aaf,\\u0ab5\\u0abe\\u0ab0\\u0acd\\u0ab7\\u0abf\\u0a95 \\u0a95\\u0ac1\\u0ab2 \\u0a86\\u0ab5\\u0a95\",\"rows\":null}', 0, 23, 1, '2026-04-01 09:02:32', '2026-04-01 10:02:51'),
(17, 2, NULL, 'તમને તમારી શિક્ષકની નોકરીથી આત્મસંતોષ છે ? (જો ના હોય, તો કારણ જણાવો)', NULL, 'radio', NULL, 0, 1, 1, '2026-04-01 09:02:32', '2026-04-01 09:02:32'),
(18, 2, NULL, 'નોકરી કરવા પાછળના કારણો જણાવો.', NULL, 'checkbox', NULL, 0, 2, 1, '2026-04-01 09:02:32', '2026-04-01 09:02:32'),
(19, 2, NULL, 'તમારા કાર્યની સૌથી વધારે કદર કોણ કરે છે ? (સાસરિયા પક્ષના સભ્યો)', NULL, 'checkbox', NULL, 0, 3, 1, '2026-04-01 09:02:32', '2026-04-01 09:02:32'),
(20, 2, NULL, 'તમારા કાર્યની સૌથી વધારે કદર કોણ કરે છે ? (પિયર પક્ષના સભ્યો)', NULL, 'checkbox', '{\"columns\":null,\"rows\":null}', 0, 4, 1, '2026-04-01 09:02:32', '2026-04-01 10:27:29'),
(21, 2, NULL, 'નોકરીના કારણે તમારું સન્માન/આત્મસન્માન વધ્યું છે ? (જો હા, તો શેમાં ?)', NULL, 'checkbox', NULL, 0, 5, 1, '2026-04-01 09:02:32', '2026-04-01 09:02:32'),
(22, 2, NULL, 'તમારી શિક્ષક તરીકેની નોકરીથી તમારા મિત્રોને ઈર્ષા થાય છે ? (જો હા, તો શા માટે ?)', NULL, 'radio', NULL, 0, 6, 1, '2026-04-01 09:02:32', '2026-04-01 09:02:32'),
(23, 2, NULL, 'આપ કયા વિભાગમાં કાર્ય કરો છો ?', NULL, 'radio', NULL, 0, 7, 1, '2026-04-01 09:02:32', '2026-04-01 09:02:32'),
(24, 2, NULL, 'વિષયને લગતી તૈયારી કરવા માટે કેટલો સમય આપો છો ?', NULL, 'radio', NULL, 0, 8, 1, '2026-04-01 09:02:32', '2026-04-01 09:02:32'),
(25, 2, NULL, 'વર્ગમાં શિક્ષણકાર્ય કરતી વખતે તમારા વિષયને લગતા સંદર્ભ પુસ્તકોનો ઉપયોગ કરો છો ? (જો હા, તો કયા કયા ?)', NULL, 'checkbox', NULL, 0, 9, 1, '2026-04-01 09:02:32', '2026-04-01 09:02:32'),
(26, 2, NULL, 'તમે ફુરસદના સમયમાં વાંચન કરો છો ? (જો હા, તો કયા પ્રકારના પુસ્તકોનું વાંચન કરો છો ?)', NULL, 'checkbox', NULL, 0, 10, 1, '2026-04-01 09:02:32', '2026-04-01 09:02:32'),
(27, 2, NULL, 'નવરાશ કે રજાના સમયમાં તમે શું કરો છો ?', NULL, 'checkbox', NULL, 0, 11, 1, '2026-04-01 09:02:32', '2026-04-01 09:02:32'),
(28, 2, NULL, 'તમારી નોકરીનું સ્થળ રહેઠાણથી કેટલું દૂર છે ?', NULL, 'radio', NULL, 0, 12, 1, '2026-04-01 09:02:32', '2026-04-01 09:02:32'),
(29, 2, NULL, 'તમે નોકરીના ગામમાં જ રહો છો કે અપ-ડાઉન કરો છો ?', NULL, 'radio', NULL, 0, 13, 1, '2026-04-01 09:02:32', '2026-04-01 09:02:32'),
(30, 2, NULL, 'શાળાએ આવવા-જવા માટે વાહનનો ઉપયોગ કરો છો ?', NULL, 'radio', NULL, 0, 14, 1, '2026-04-01 09:02:32', '2026-04-01 09:02:32'),
(31, 2, NULL, 'નોકરીમાં અપ-ડાઉનના કારણે કોઈ શારીરિક-માનસિક તકલીફ અનુભવવી પડે છે ?', NULL, 'radio', NULL, 0, 15, 1, '2026-04-01 09:02:32', '2026-04-01 09:02:32'),
(32, 2, NULL, 'તમને કયા પ્રકારની તકલીફ પડે છે ?', NULL, 'checkbox', NULL, 0, 16, 1, '2026-04-01 09:02:32', '2026-04-01 09:02:32'),
(33, 2, NULL, 'વર્ગમાં શિક્ષણકાર્ય કરતી વખતે આપને કોઈ સમસ્યા નડે છે ? (જો હા, તો કઈ પ્રકારની)', NULL, 'radio', NULL, 0, 17, 1, '2026-04-01 09:02:32', '2026-04-01 09:02:32'),
(34, 3, NULL, 'શિક્ષક તરીકે તમે વિદ્યાર્થી સાથે કેવા પ્રકારના સંબંધો રાખવા જોઈએ ?', NULL, 'radio', NULL, 0, 1, 1, '2026-04-01 09:02:32', '2026-04-01 11:44:49'),
(35, 3, NULL, 'હાલના આધુનિક અને કમ્પ્યુટર યુગના સમયમાં શિક્ષકનું સમાજમાં સ્થાન કેવું છે ?', NULL, 'radio', NULL, 0, 2, 1, '2026-04-01 09:02:32', '2026-04-01 11:44:49'),
(36, 3, NULL, 'શિક્ષક પાસે માર્ગદર્શન મેળવવા વિદ્યાર્થીઓ પૂર્વમંજૂરી કેવી રીતે મેળવે છે ?', NULL, 'radio', NULL, 0, 4, 1, '2026-04-01 09:02:32', '2026-04-01 11:44:49'),
(37, 3, NULL, 'વિદ્યાર્થીઓ કયા પ્રકારના પ્રશ્નો લઈને તમારી પાસે આવે છે ?', NULL, 'checkbox', NULL, 0, 3, 1, '2026-04-01 09:02:32', '2026-04-01 11:44:49'),
(38, 3, NULL, 'શિક્ષકનું વિદ્યાર્થીઓ અંગેનું અભિપ્રાય વિષેનું મતદાન', NULL, 'checkbox', NULL, 0, 6, 1, '2026-04-01 09:02:32', '2026-04-01 11:44:49'),
(39, 3, NULL, 'શિક્ષક દ્વારા વિદ્યાર્થીઓને દરરોજ માર્ગદર્શન કરવામાં આવે છે ?', NULL, 'radio', NULL, 0, 7, 1, '2026-04-01 09:02:32', '2026-04-01 11:44:49'),
(40, 3, NULL, 'વિદ્યાર્થી દ્વારા શિક્ષકનો આદર થાય છે ?', NULL, 'radio', NULL, 0, 8, 1, '2026-04-01 09:02:32', '2026-04-01 11:44:49'),
(41, 3, NULL, 'શિક્ષક દ્વારા વિદ્યાર્થીઓને સહઅભ્યાસિક પ્રવૃત્તિમાં મદદ અને માર્ગદર્શન મળે છે ? (જો હા, તો કેવું ?)', NULL, 'checkbox', NULL, 0, 9, 1, '2026-04-01 09:02:32', '2026-04-01 11:44:49'),
(42, 3, NULL, 'શાળાના આર્થિક રીતે પછાત અને નબળા વર્ગના બાળકોને તમે કોઈ પ્રકારની મદદ કરો છો ? (જો હા, તો કયા પ્રકારની ?)', NULL, 'checkbox', NULL, 0, 10, 1, '2026-04-01 09:02:32', '2026-04-01 11:44:49'),
(43, 3, NULL, 'એક શિક્ષક તરીકે તમે ક્યારે વિદ્યાર્થીઓને તેમની સમસ્યા કે મૂંઝવણમાં માર્ગદર્શન કરો છો ?', NULL, 'radio', NULL, 0, 11, 1, '2026-04-01 09:02:32', '2026-04-01 11:44:49'),
(44, 3, NULL, 'એક શિક્ષક તરીકે શાળાના બાળકો કયા સામાજિક વાતાવરણમાંથી આવે છે તેની જાણકારી હોવી જોઈએ ? (જો હા, તો શા માટે ?)', NULL, 'radio', '{\"has_reason\":\"1\",\"columns\":null,\"rows\":null}', 0, 12, 1, '2026-04-01 09:02:32', '2026-04-01 11:44:49'),
(45, 3, NULL, 'શાળાના બાળકોની વિદ્યાર્થી તરીકેની છાપ કેવી હોવી જોઈએ ?', NULL, 'checkbox', '{\"columns\":null,\"rows\":null}', 0, 13, 1, '2026-04-01 09:02:32', '2026-04-01 11:44:49'),
(46, 3, NULL, 'વિદ્યાર્થીઓ સાથેના આંતરસંબંધો સુમેળભર્યા અને સહકારાત્મક રહે તે માટે શિક્ષકે શાળાના બધા બાળકોને આવકારવા અને સ્વીકારવા જોઈએ ?', NULL, 'radio', NULL, 0, 14, 1, '2026-04-01 09:02:32', '2026-04-01 11:44:49'),
(47, 4, NULL, 'સહકર્મચારી સાથેના તમારા આંતરસંબંધો કયા પ્રકારના છે ?', NULL, 'radio', NULL, 0, 1, 1, '2026-04-01 09:02:32', '2026-04-01 11:54:33'),
(48, 4, NULL, 'સહકર્મચારી તમને તમારા કામમાં મદદ કરે તેવી અપેક્ષા રાખો છો ? (જો હા, તો કેવા કામમાં ?)', NULL, 'radio', NULL, 0, 2, 1, '2026-04-01 09:02:32', '2026-04-01 11:54:33'),
(49, 4, NULL, 'શાળાના બધા શિક્ષકો સાથે તમે સામાજિક સંબંધો બંધાવાનું પસંદ કરશો ?', NULL, 'radio', NULL, 0, 4, 1, '2026-04-01 09:02:32', '2026-04-01 11:54:33'),
(50, 4, NULL, 'સહકર્મચારી મિત્રો તમારી સાથે સહકારપૂર્ણ વ્યવહાર કરે છે ?', NULL, 'radio', NULL, 0, 5, 1, '2026-04-01 09:02:32', '2026-04-01 11:54:33'),
(51, 4, NULL, 'તમારી સાથે સહકર્મચારીની વર્તણૂક તમારી દૃષ્ટિએ યોગ્ય છે ?', NULL, 'radio', NULL, 0, 6, 1, '2026-04-01 09:02:32', '2026-04-01 11:54:33'),
(52, 4, NULL, 'તમે સહકર્મચારી ને તેના કામ માં મદદ કરો છો ?', NULL, 'radio', '{\"columns\":null,\"rows\":null}', 0, 7, 1, '2026-04-01 09:02:32', '2026-04-01 11:54:33'),
(53, 4, NULL, 'તમારી સાથેના વર્તનમાં સહકર્મચારી માન-મર્યાદા રાખે છે ?', NULL, 'radio', NULL, 0, 9, 1, '2026-04-01 09:02:32', '2026-04-01 11:54:33'),
(54, 4, NULL, 'તમારે સહકર્મચારી સાથે વાદ-વિવાદ કે ઝઘડો થાય છે ? (જો હા, તો કેવા પ્રકારના ?)', NULL, 'radio', NULL, 0, 10, 1, '2026-04-01 09:02:32', '2026-04-01 11:54:33'),
(55, 4, NULL, 'સહકર્મચારી સાથે લગ્ન અંગે આપનો અભિપ્રાય કેવો છે ?', NULL, 'radio', NULL, 0, 11, 1, '2026-04-01 09:02:32', '2026-04-01 11:54:33'),
(56, 4, NULL, 'સહકર્મચારીનો વ્યવહાર તમારી સાથે મિત્રતાપૂર્ણ છે ?', NULL, 'radio', NULL, 0, 12, 1, '2026-04-01 09:02:32', '2026-04-01 11:54:33'),
(57, 5, NULL, 'તમારા આચાર્ય સાથેના સંબંધ કેવા છે ?', NULL, 'radio', NULL, 0, 1, 1, '2026-04-01 09:02:32', '2026-04-01 12:00:20'),
(58, 5, NULL, 'આચાર્ય સાથેની તમારી વ્યવહાર સહકારસભર રહે છે ?', NULL, 'radio', NULL, 0, 2, 1, '2026-04-01 09:02:32', '2026-04-01 12:00:20'),
(59, 5, NULL, 'શાળીય નિયંત્રણ લેતી વખતે શિક્ષકોનો અભિપ્રાય લેવામાં આવે છે ?', NULL, 'radio', NULL, 0, 3, 1, '2026-04-01 09:02:32', '2026-04-01 12:00:20'),
(60, 5, NULL, 'શાળા વિકાસના કાર્યોમાં આચાર્ય તમારા દ્વારા કરાયેલ સૂચનોને માન્ય ગણવી અમલમાં મૂકે છે ?', NULL, 'radio', NULL, 0, 4, 1, '2026-04-01 09:02:32', '2026-04-01 12:00:20'),
(61, 5, NULL, 'આચાર્ય દ્વારા તમારી સાથે ભેદભાવ રાખવામાં આવે છે ? (જો હા, તો શા માટે ?)', NULL, 'radio', NULL, 0, 5, 1, '2026-04-01 09:02:32', '2026-04-01 12:00:20'),
(62, 5, NULL, 'આચાર્ય દ્વારા તમને શિક્ષણકાર્યમાં માર્ગદર્શન મળે છે ?', NULL, 'radio', NULL, 0, 7, 1, '2026-04-01 09:02:32', '2026-04-01 12:00:20'),
(63, 5, NULL, 'આચાર્ય દ્વારા સોંપેલ કાર્ય તમે ખંત અને ઉત્સાહપૂર્વક પૂર્ણ કરો છો ? (જો ના, તો શા માટે ?)', NULL, 'radio', NULL, 0, 8, 1, '2026-04-01 09:02:32', '2026-04-01 12:00:20'),
(64, 5, NULL, 'તમારા કાર્યમાં આચાર્ય તમને મદદરૂપ બને છે ? (જો હા, તો કયા કાર્યમાં ?)', NULL, 'radio', NULL, 0, 10, 1, '2026-04-01 09:02:32', '2026-04-01 12:00:20'),
(65, 5, NULL, 'આચાર્ય પ્રત્યે તમે આદરભાવ રાખો છો ?', NULL, 'radio', NULL, 0, 12, 1, '2026-04-01 09:02:32', '2026-04-01 12:00:20'),
(66, 5, NULL, 'આદર્શ આચાર્ય અંગે આપનો અભિપ્રાય કેવો છે ?', NULL, 'checkbox', NULL, 0, 13, 1, '2026-04-01 09:02:32', '2026-04-01 12:00:20'),
(67, 5, NULL, 'આચાર્ય તમારી સાથે કૌટુંબિક સંબંધો ધરાવે છે ? (જો હા, તો કેવા પ્રસંગોમાં ?)', NULL, 'radio', NULL, 0, 14, 1, '2026-04-01 09:02:32', '2026-04-01 12:00:20'),
(68, 6, NULL, 'તમે શિક્ષિકા અને ગૃહિણી તરીકેની બેવડી ભૂમિકા ભજવો છો ?', NULL, 'radio', NULL, 0, 1, 1, '2026-04-01 09:02:32', '2026-04-01 12:05:25'),
(69, 6, NULL, 'તમારી બેવડી ભૂમિકાને કારણે ભૂમિક સંઘર્ષનો અનુભવ કરો છો ?', NULL, 'radio', NULL, 0, 2, 1, '2026-04-01 09:02:32', '2026-04-01 12:05:25'),
(70, 6, NULL, 'તમારો શિક્ષિકા નો વ્યવસાય તમને ઘરની સંભાળ રાખવામાં બાધક બને છે ? (જો હા, તો કઈ રીતે ?)', NULL, 'radio', NULL, 0, 3, 1, '2026-04-01 09:02:32', '2026-04-01 12:05:25'),
(71, 6, NULL, 'નોકરીના કારણે તમારે તમારા પતિ સાથે ઝઘડો થાય છે ? (જો હા, તો કેવા પ્રકારના ?)', NULL, 'radio', NULL, 0, 4, 1, '2026-04-01 09:02:32', '2026-04-01 12:05:25'),
(72, 6, NULL, 'નોકરીના કારણે તમે તમારા બાળક માટે એક આદર્શ ‘મા’ તરીકેની ભૂમિકા ભજવી શકો છો ? (જો ના, તો શા માટે ?)', NULL, 'radio', NULL, 0, 5, 1, '2026-04-01 09:02:32', '2026-04-01 12:05:25'),
(73, 6, NULL, 'શું નોકરી અને ઘર સંભાળવું તમને મુશ્કેલ લાગે છે ?', NULL, 'radio', NULL, 0, 7, 1, '2026-04-01 09:02:32', '2026-04-01 12:05:25'),
(74, 6, NULL, 'ઘરણી ગૃહિણીની જવાબદારી અને શિક્ષિકાની ભૂમિકા ભજવવામાં બાધક બને છે ? (જો હા, તો કઈ રીતે ?)', NULL, 'radio', NULL, 0, 8, 1, '2026-04-01 09:02:32', '2026-04-01 12:05:25'),
(75, 6, NULL, 'બેવડી ભૂમિકાથી તમને શારીરિક અને માનસિક થાક અનુભવવો પડે છે ?', NULL, 'radio', NULL, 0, 9, 1, '2026-04-01 09:02:32', '2026-04-01 12:05:25'),
(76, 6, NULL, 'તમે તમારી માતા તરીકેની અને એક પત્ની તરીકેની ભૂમિકા ભજવવાથી સંતોષ છે ?', NULL, 'radio', NULL, 0, 10, 1, '2026-04-01 09:02:32', '2026-04-01 12:05:25'),
(77, 6, NULL, 'નોકરીના કારણે તમારે ઘરના અન્ય સભ્યો સાથે તકરાર કે અણબનાવ રહે છે ? (જો હા, તો કેવા પ્રકારના ?)', NULL, 'radio', NULL, 0, 11, 1, '2026-04-01 09:02:32', '2026-04-01 12:05:25'),
(78, 6, NULL, 'ભૂમિક સંઘર્ષ તમારા આરોગ્ય પર અસર કરે છે ? (જો હા, તો કઈ રીતે ?)', NULL, 'radio', NULL, 0, 13, 1, '2026-04-01 09:02:32', '2026-04-01 12:05:25'),
(79, 7, NULL, 'શિક્ષિકા તરીકેના વ્યવસાયને કારણે તમારા દરજ્જામાં પરિવર્તન આવ્યું છે ? (જો હા, તો કયા ક્ષેત્રમાં ?)', NULL, 'radio', NULL, 0, 1, 1, '2026-04-01 09:02:32', '2026-04-01 12:09:13'),
(80, 7, NULL, 'કુટુંબના અંગતના સામાજિક અને આર્થિક નિર્ણયોમાં તમારી ભાગીદારી કેટલી ?', NULL, 'radio', NULL, 0, 3, 1, '2026-04-01 09:02:32', '2026-04-01 12:09:13'),
(81, 7, NULL, 'શિક્ષિકા તરીકેની નોકરીથી સમાજમાં તમારું સામાજિક સ્થાન ઊંચું ગયું છે ?', NULL, 'radio', NULL, 0, 4, 1, '2026-04-01 09:02:32', '2026-04-01 12:09:13'),
(82, 7, NULL, 'સમાજની અન્ય સ્ત્રીઓ કરતા તમારો દરજ્જો કેવો છે ?', NULL, 'radio', NULL, 0, 5, 1, '2026-04-01 09:02:32', '2026-04-01 12:09:13'),
(83, 7, NULL, 'તમારા પતિશ્રી પ્રત્યે આદરનું તમે શું કરો છો ?', NULL, 'radio', NULL, 0, 6, 1, '2026-04-01 09:02:32', '2026-04-01 12:09:13'),
(84, 7, NULL, 'ઘરનું બજેટ બનાવતી વખતે તમારો અભિપ્રાય લેવાય છે ?', NULL, 'radio', NULL, 0, 8, 1, '2026-04-01 09:02:32', '2026-04-01 12:09:13'),
(85, 7, NULL, 'તમારા પગારમાંથી થતી આવક તમે સ્વતંત્રપણે વાપરી શકો છો ?', NULL, 'radio', NULL, 0, 9, 1, '2026-04-01 09:02:32', '2026-04-01 12:09:13'),
(86, 7, NULL, 'આવકનું તમે રોકાણ કરો છો ? (જો હા, તો શેમાં ?)', NULL, 'checkbox', NULL, 0, 10, 1, '2026-04-01 09:02:32', '2026-04-01 12:09:13'),
(87, 7, NULL, 'તમારા આર્થિક નિર્ણયોમાં તમને સંપૂર્ણ સ્વતંત્રતા છે ?', NULL, 'radio', NULL, 0, 11, 1, '2026-04-01 09:02:32', '2026-04-01 12:09:13'),
(88, 7, NULL, 'કુટુંબના અને સમાજના માણસો તમને માનની નજરથી જુએ છે ?', NULL, 'radio', NULL, 0, 12, 1, '2026-04-01 09:02:32', '2026-04-01 12:09:13'),
(89, 1, NULL, 'ગામ', NULL, 'textarea', '{\"columns\":null,\"rows\":null}', 1, 2, 1, '2026-04-01 09:13:38', '2026-04-01 09:23:19'),
(90, 1, NULL, 'શહેર', NULL, 'textarea', '{\"columns\":null,\"rows\":null}', 1, 3, 1, '2026-04-01 09:15:34', '2026-04-01 09:23:19'),
(91, 1, NULL, 'તાલુકો', NULL, 'textarea', '{\"columns\":null,\"rows\":null}', 1, 4, 1, '2026-04-01 09:16:02', '2026-04-01 09:23:19'),
(92, 1, NULL, 'જિલ્લો', NULL, 'textarea', '{\"columns\":null,\"rows\":null}', 1, 5, 1, '2026-04-01 09:16:57', '2026-04-01 09:23:19'),
(93, 1, NULL, 'ગામ', NULL, 'textarea', '{\"columns\":null,\"rows\":null}', 1, 11, 1, '2026-04-01 09:21:21', '2026-04-01 09:23:19'),
(94, 1, NULL, 'શહેર', NULL, 'textarea', '{\"columns\":null,\"rows\":null}', 1, 12, 1, '2026-04-01 09:21:51', '2026-04-01 09:23:19'),
(95, 1, NULL, 'તાલુકો', NULL, 'textarea', '{\"columns\":null,\"rows\":null}', 1, 13, 1, '2026-04-01 09:22:44', '2026-04-01 09:23:19'),
(96, 1, NULL, 'જિલ્લો', NULL, 'textarea', '{\"columns\":null,\"rows\":null}', 1, 14, 1, '2026-04-01 09:23:15', '2026-04-01 09:23:19'),
(99, 4, NULL, 'જો હા, તો કેવા કામમાં ?', NULL, 'text', '{\"columns\":null,\"rows\":null}', 0, 3, 1, '2026-04-01 11:45:45', '2026-04-01 11:54:33'),
(100, 4, NULL, 'જો હા તો કેવા કામ માં ?', NULL, 'text', '{\"columns\":null,\"rows\":null}', 0, 8, 1, '2026-04-01 11:54:24', '2026-04-01 11:54:33'),
(101, 5, NULL, 'જો હા તો શા માટે ?', NULL, 'text', '{\"columns\":null,\"rows\":null}', 0, 6, 1, '2026-04-01 11:57:32', '2026-04-01 12:00:20'),
(102, 5, NULL, 'જો ના તો શા માટે ?', NULL, 'text', '{\"columns\":null,\"rows\":null}', 0, 9, 1, '2026-04-01 11:58:40', '2026-04-01 12:00:20'),
(103, 5, NULL, 'જો હા તો કયા કાર્ય માં ?', NULL, 'text', '{\"columns\":null,\"rows\":null}', 0, 11, 1, '2026-04-01 12:00:07', '2026-04-01 12:00:20'),
(104, 6, NULL, 'જો ના તો શા માટે ?', NULL, 'text', '{\"columns\":null,\"rows\":null}', 0, 6, 1, '2026-04-01 12:02:33', '2026-04-01 12:05:25'),
(105, 6, NULL, 'જો હા તો કેવા પ્રકાર નો ?', NULL, 'text', '{\"columns\":null,\"rows\":null}', 0, 12, 1, '2026-04-01 12:05:18', '2026-04-01 12:05:25'),
(106, 6, NULL, 'જો હા તો કઈ રીતે ?', NULL, 'text', '{\"columns\":null,\"rows\":null}', 0, 14, 1, '2026-04-01 12:06:09', '2026-04-01 12:06:09'),
(107, 7, NULL, 'જો હા તો કયા ક્ષેત્ર માં ?', NULL, 'text', '{\"columns\":null,\"rows\":null}', 0, 2, 1, '2026-04-01 12:06:59', '2026-04-01 12:09:13'),
(108, 7, NULL, 'જો અન્ય તો શું ?', NULL, 'text', '{\"columns\":null,\"rows\":null}', 0, 7, 1, '2026-04-01 12:08:39', '2026-04-01 12:09:13');

-- --------------------------------------------------------

--
-- Table structure for table `responses`
--

CREATE TABLE `responses` (
  `id` bigint(20) UNSIGNED NOT NULL,
  `user_identifier` varchar(255) DEFAULT NULL,
  `created_at` timestamp NULL DEFAULT NULL,
  `updated_at` timestamp NULL DEFAULT NULL
) ENGINE=InnoDB DEFAULT CHARSET=utf8mb4 COLLATE=utf8mb4_unicode_ci;

-- --------------------------------------------------------

--
-- Table structure for table `sections`
--

CREATE TABLE `sections` (
  `id` bigint(20) UNSIGNED NOT NULL,
  `title_gu` varchar(255) NOT NULL,
  `title_en` varchar(255) DEFAULT NULL,
  `order` int(11) NOT NULL DEFAULT 0,
  `is_active` tinyint(1) NOT NULL DEFAULT 1,
  `created_at` timestamp NULL DEFAULT NULL,
  `updated_at` timestamp NULL DEFAULT NULL
) ENGINE=InnoDB DEFAULT CHARSET=utf8mb4 COLLATE=utf8mb4_unicode_ci;

--
-- Dumping data for table `sections`
--

INSERT INTO `sections` (`id`, `title_gu`, `title_en`, `order`, `is_active`, `created_at`, `updated_at`) VALUES
(1, 'સામાજિક અને આર્થિક માહિતી', NULL, 1, 1, '2026-04-01 09:02:32', '2026-04-01 09:02:32'),
(2, 'શિક્ષકનું વ્યક્તિત્વ અને કામની પરિસ્થિતિ', NULL, 2, 1, '2026-04-01 09:02:32', '2026-04-01 09:02:32'),
(3, 'શિક્ષક અને વિદ્યાર્થી વચ્ચેના આંતરસંબંધો', NULL, 3, 1, '2026-04-01 09:02:32', '2026-04-01 09:02:32'),
(4, 'શિક્ષક અને સહકર્મચારી વચ્ચેના આંતરસંબંધો', NULL, 4, 1, '2026-04-01 09:02:32', '2026-04-01 09:02:32'),
(5, 'શિક્ષક અને આચાર્ય વચ્ચેના આંતરસંબંધો', NULL, 5, 1, '2026-04-01 09:02:32', '2026-04-01 09:02:32'),
(6, 'વૈવાહિક ભૂમિકા અને ભૂમિક સંઘર્ષ', NULL, 6, 1, '2026-04-01 09:02:32', '2026-04-01 09:02:32'),
(7, 'સામાજિક અને આર્થિક દરજ્જો', NULL, 7, 1, '2026-04-01 09:02:32', '2026-04-01 09:02:32');

-- --------------------------------------------------------

--
-- Table structure for table `sessions`
--

CREATE TABLE `sessions` (
  `id` varchar(255) NOT NULL,
  `user_id` bigint(20) UNSIGNED DEFAULT NULL,
  `ip_address` varchar(45) DEFAULT NULL,
  `user_agent` text DEFAULT NULL,
  `payload` longtext NOT NULL,
  `last_activity` int(11) NOT NULL
) ENGINE=InnoDB DEFAULT CHARSET=utf8mb4 COLLATE=utf8mb4_unicode_ci;

--
-- Dumping data for table `sessions`
--

INSERT INTO `sessions` (`id`, `user_id`, `ip_address`, `user_agent`, `payload`, `last_activity`) VALUES
('lH9LGeC9T5RBw08KvZp8TEpjCr99LNfOHXtYDwWE', NULL, '2402:a00:403:12b4:f4e7:c62:432d:cd7c', 'Mozilla/5.0 (Windows NT 10.0; Win64; x64) AppleWebKit/537.36 (KHTML, like Gecko) Chrome/146.0.0.0 Safari/537.36', 'YTozOntzOjY6Il90b2tlbiI7czo0MDoiOGd5VXNGNHZha1pIOWxXQ2tKSmVFTW1JekFFc0t4UHVsY2pDWWZxcSI7czo5OiJfcHJldmlvdXMiO2E6Mjp7czozOiJ1cmwiO3M6NTc6Imh0dHBzOi8vdmFyZGFhbnNtYXJ0c29sdXRpb25zLmNvbS9oYXJkLXNvZnQvcXVlc3Rpb25uYWlyZSI7czo1OiJyb3V0ZSI7czoxOToicXVlc3Rpb25uYWlyZS5pbmRleCI7fXM6NjoiX2ZsYXNoIjthOjI6e3M6Mzoib2xkIjthOjA6e31zOjM6Im5ldyI7YTowOnt9fX0=', 1775051092),
('NsR6Fs1qH2aZmHoACbY5jaEI8QS2zUoxaeXjAgRm', 1, '2402:a00:403:12b4:f4e7:c62:432d:cd7c', 'Mozilla/5.0 (Windows NT 10.0; Win64; x64) AppleWebKit/537.36 (KHTML, like Gecko) Chrome/146.0.0.0 Safari/537.36', 'YTo0OntzOjY6Il90b2tlbiI7czo0MDoiWVdLZlhoWDhWeXZ6N3hIUHhOc05pTmJjYjZGYXdRd2N1Qjd0S2YxZCI7czo5OiJfcHJldmlvdXMiO2E6Mjp7czozOiJ1cmwiO3M6NTc6Imh0dHBzOi8vdmFyZGFhbnNtYXJ0c29sdXRpb25zLmNvbS9oYXJkLXNvZnQvcXVlc3Rpb25uYWlyZSI7czo1OiJyb3V0ZSI7czoxOToicXVlc3Rpb25uYWlyZS5pbmRleCI7fXM6NjoiX2ZsYXNoIjthOjI6e3M6Mzoib2xkIjthOjA6e31zOjM6Im5ldyI7YTowOnt9fXM6NTA6ImxvZ2luX3dlYl81OWJhMzZhZGRjMmIyZjk0MDE1ODBmMDE0YzdmNThlYTRlMzA5ODlkIjtpOjE7fQ==', 1775051004),
('zERYBJwKoJ9e3KSkEeFymtVpWALUJPz8Hg6IoIsV', NULL, '2402:a00:403:12b4:6804:2915:15f9:9217', 'Mozilla/5.0 (Windows NT 10.0; Win64; x64) AppleWebKit/537.36 (KHTML, like Gecko) Chrome/146.0.0.0 Safari/537.36', 'YTozOntzOjY6Il90b2tlbiI7czo0MDoibUYyY1ZmYjEyRUJ5TGdvU2VUY2E0Q2NXWTFVOVBVMGt1c0FsbjNXUiI7czo5OiJfcHJldmlvdXMiO2E6Mjp7czozOiJ1cmwiO3M6NTc6Imh0dHBzOi8vdmFyZGFhbnNtYXJ0c29sdXRpb25zLmNvbS9oYXJkLXNvZnQvcXVlc3Rpb25uYWlyZSI7czo1OiJyb3V0ZSI7czoxOToicXVlc3Rpb25uYWlyZS5pbmRleCI7fXM6NjoiX2ZsYXNoIjthOjI6e3M6Mzoib2xkIjthOjA6e31zOjM6Im5ldyI7YTowOnt9fX0=', 1775043451);

-- --------------------------------------------------------

--
-- Table structure for table `users`
--

CREATE TABLE `users` (
  `id` bigint(20) UNSIGNED NOT NULL,
  `name` varchar(255) NOT NULL,
  `email` varchar(255) NOT NULL,
  `email_verified_at` timestamp NULL DEFAULT NULL,
  `password` varchar(255) NOT NULL,
  `remember_token` varchar(100) DEFAULT NULL,
  `created_at` timestamp NULL DEFAULT NULL,
  `updated_at` timestamp NULL DEFAULT NULL
) ENGINE=InnoDB DEFAULT CHARSET=utf8mb4 COLLATE=utf8mb4_unicode_ci;

--
-- Dumping data for table `users`
--

INSERT INTO `users` (`id`, `name`, `email`, `email_verified_at`, `password`, `remember_token`, `created_at`, `updated_at`) VALUES
(1, 'Admin User', 'admin@example.com', NULL, '$2y$12$aEBUimOfhd6bAvEltFIBoeb6Jbhutfw0yWXYufhcOUf/y7l6t8.5C', NULL, '2026-04-01 09:02:32', '2026-04-01 09:02:32');

--
-- Indexes for dumped tables
--

--
-- Indexes for table `answers`
--
ALTER TABLE `answers`
  ADD PRIMARY KEY (`id`),
  ADD KEY `answers_response_id_foreign` (`response_id`),
  ADD KEY `answers_question_id_foreign` (`question_id`);

--
-- Indexes for table `cache`
--
ALTER TABLE `cache`
  ADD PRIMARY KEY (`key`),
  ADD KEY `cache_expiration_index` (`expiration`);

--
-- Indexes for table `cache_locks`
--
ALTER TABLE `cache_locks`
  ADD PRIMARY KEY (`key`),
  ADD KEY `cache_locks_expiration_index` (`expiration`);

--
-- Indexes for table `failed_jobs`
--
ALTER TABLE `failed_jobs`
  ADD PRIMARY KEY (`id`),
  ADD UNIQUE KEY `failed_jobs_uuid_unique` (`uuid`);

--
-- Indexes for table `jobs`
--
ALTER TABLE `jobs`
  ADD PRIMARY KEY (`id`),
  ADD KEY `jobs_queue_index` (`queue`);

--
-- Indexes for table `job_batches`
--
ALTER TABLE `job_batches`
  ADD PRIMARY KEY (`id`);

--
-- Indexes for table `migrations`
--
ALTER TABLE `migrations`
  ADD PRIMARY KEY (`id`);

--
-- Indexes for table `options`
--
ALTER TABLE `options`
  ADD PRIMARY KEY (`id`),
  ADD KEY `options_question_id_foreign` (`question_id`);

--
-- Indexes for table `password_reset_tokens`
--
ALTER TABLE `password_reset_tokens`
  ADD PRIMARY KEY (`email`);

--
-- Indexes for table `questions`
--
ALTER TABLE `questions`
  ADD PRIMARY KEY (`id`),
  ADD KEY `questions_section_id_foreign` (`section_id`);

--
-- Indexes for table `responses`
--
ALTER TABLE `responses`
  ADD PRIMARY KEY (`id`);

--
-- Indexes for table `sections`
--
ALTER TABLE `sections`
  ADD PRIMARY KEY (`id`);

--
-- Indexes for table `sessions`
--
ALTER TABLE `sessions`
  ADD PRIMARY KEY (`id`),
  ADD KEY `sessions_user_id_index` (`user_id`),
  ADD KEY `sessions_last_activity_index` (`last_activity`);

--
-- Indexes for table `users`
--
ALTER TABLE `users`
  ADD PRIMARY KEY (`id`),
  ADD UNIQUE KEY `users_email_unique` (`email`);

--
-- AUTO_INCREMENT for dumped tables
--

--
-- AUTO_INCREMENT for table `answers`
--
ALTER TABLE `answers`
  MODIFY `id` bigint(20) UNSIGNED NOT NULL AUTO_INCREMENT;

--
-- AUTO_INCREMENT for table `failed_jobs`
--
ALTER TABLE `failed_jobs`
  MODIFY `id` bigint(20) UNSIGNED NOT NULL AUTO_INCREMENT;

--
-- AUTO_INCREMENT for table `jobs`
--
ALTER TABLE `jobs`
  MODIFY `id` bigint(20) UNSIGNED NOT NULL AUTO_INCREMENT;

--
-- AUTO_INCREMENT for table `migrations`
--
ALTER TABLE `migrations`
  MODIFY `id` int(10) UNSIGNED NOT NULL AUTO_INCREMENT, AUTO_INCREMENT=13;

--
-- AUTO_INCREMENT for table `options`
--
ALTER TABLE `options`
  MODIFY `id` bigint(20) UNSIGNED NOT NULL AUTO_INCREMENT, AUTO_INCREMENT=282;

--
-- AUTO_INCREMENT for table `questions`
--
ALTER TABLE `questions`
  MODIFY `id` bigint(20) UNSIGNED NOT NULL AUTO_INCREMENT, AUTO_INCREMENT=109;

--
-- AUTO_INCREMENT for table `responses`
--
ALTER TABLE `responses`
  MODIFY `id` bigint(20) UNSIGNED NOT NULL AUTO_INCREMENT;

--
-- AUTO_INCREMENT for table `sections`
--
ALTER TABLE `sections`
  MODIFY `id` bigint(20) UNSIGNED NOT NULL AUTO_INCREMENT, AUTO_INCREMENT=8;

--
-- AUTO_INCREMENT for table `users`
--
ALTER TABLE `users`
  MODIFY `id` bigint(20) UNSIGNED NOT NULL AUTO_INCREMENT, AUTO_INCREMENT=2;

--
-- Constraints for dumped tables
--

--
-- Constraints for table `answers`
--
ALTER TABLE `answers`
  ADD CONSTRAINT `answers_question_id_foreign` FOREIGN KEY (`question_id`) REFERENCES `questions` (`id`) ON DELETE CASCADE,
  ADD CONSTRAINT `answers_response_id_foreign` FOREIGN KEY (`response_id`) REFERENCES `responses` (`id`) ON DELETE CASCADE;

--
-- Constraints for table `options`
--
ALTER TABLE `options`
  ADD CONSTRAINT `options_question_id_foreign` FOREIGN KEY (`question_id`) REFERENCES `questions` (`id`) ON DELETE CASCADE;

--
-- Constraints for table `questions`
--
ALTER TABLE `questions`
  ADD CONSTRAINT `questions_section_id_foreign` FOREIGN KEY (`section_id`) REFERENCES `sections` (`id`) ON DELETE CASCADE;
COMMIT;

/*!40101 SET CHARACTER_SET_CLIENT=@OLD_CHARACTER_SET_CLIENT */;
/*!40101 SET CHARACTER_SET_RESULTS=@OLD_CHARACTER_SET_RESULTS */;
/*!40101 SET COLLATION_CONNECTION=@OLD_COLLATION_CONNECTION */;
